{"ambientColor":{"x":0.0,"y":0.0,"z":0.0},"diffuseColor":{"x":0.007924932055175304,"y":0.007924932055175304,"z":0.007924932055175304},"shader":{"rid":577662825},"shininess":0.5,"specularColor":{"x":0.007924932055175304,"y":0.007924932055175304,"z":0.007924932055175304},"texture":{"rid":15}}