{
    "ambientColor": {
        "x": 0.0,
        "y": 0.0,
        "z": 0.0
    },
    "diffuseColor": {
        "x": 0.5457149147987366,
        "y": 0.06012852489948273,
        "z": 0.004240579437464476
    },
    "shader": {
        "rid": 859320626
    },
    "shininess": 0.5,
    "specularColor": {
        "x": 0.5457149147987366,
        "y": 0.06012852489948273,
        "z": 0.004240579437464476
    },
    "texture": {
        "rid": 15
    }
}