{"ambientColor":{"x":0.0,"y":0.0,"z":0.0},"diffuseColor":{"x":0.008668145164847374,"y":0.008668145164847374,"z":0.008668145164847374},"shader":{"rid":811586448},"shininess":0.5,"specularColor":{"x":0.008668145164847374,"y":0.008668145164847374,"z":0.008668145164847374},"texture":{"rid":15}}