{"ambientColor":{"x":0.0,"y":0.0,"z":0.0},"diffuseColor":{"x":0.800000011920929,"y":0.800000011920929,"z":0.800000011920929},"shader":{"rid":758784632},"shininess":0.5,"specularColor":{"x":0.800000011920929,"y":0.800000011920929,"z":0.800000011920929},"texture":{"rid":15}}